Category,Value
Apple,383.000000
Facebook,134.000000
Netflix,33.700001
Nivida,26.969999
